,in_range_mean,in_range_locvar,out_range_30_mean,out_range_30_std,out_range_90_mean,out_range_90_std
9,3.4022257,0.57711136,2.5028334,2.5028334,2.5028334,2.5028334
19,3.9073555,0.57357293,2.9878428,2.9878428,2.9878428,2.9878428
29,4.403545,0.6839347,3.26885,3.26885,3.26885,3.26885
