,in_range_fid,in_range_mean,in_range_std,out_range_30_fid,out_range_30_mean,out_range_30_std,out_range_90_fid,out_range_90_mean,out_range_90_std
1,10.838322529427685,1.2773586781048144e+20,7.533447236108906e+19,14.204820736609133,6.891463859857489e+20,8.839849123083219e+20,9.010058469649728,7.0766698282613105e+19,6.63200251686257e+19
