,in_range_fid,in_range_mean,in_range_std,out_range_30_fid,out_range_30_mean,out_range_30_std,out_range_90_fid,out_range_90_mean,out_range_90_std
1,10.927893479814083,1.8619309851711394e+22,1.712458646660775e+22,9.436007727215765,4.480341089680541e+21,3.386258554079151e+21,12.607056775188935,4.1340591129014934e+20,2.2715370391812915e+20
