,in_range_fid,in_range_mean,in_range_lstd,out_range_30_fid,out_range_30_mean,out_range_30_std,out_range_90_fid,out_range_90_mean,out_range_90_std
1,20.5878748617193,1.4332859209172818e+21,8.493646451862549e+20,22.069865457260985,2.475641989525463e+22,1.8404903058742813e+22,15.856171646900815,6.4840298379465875e+19,7.274745651101156e+19
