,in_range_fid,in_range_mean,in_range_std,out_range_30_fid,out_range_30_mean,out_range_30_std,out_range_90_fid,out_range_90_mean,out_range_90_std
1,8.45262675897914,4.2883403107209753e+20,2.193176714189825e+20,9.791663809426908,7.019261830283731e+19,6.878233760241611e+19,12.944314998270995,5.952556981856567e+21,6.421835779747647e+21
