,in_range_mean,in_range_locvar,out_range_30_mean,out_range_30_std,out_range_90_mean,out_range_90_std
9,3.3731375,0.5201776,2.5930548,2.5930548,2.5930548,2.5930548
19,4.567973,0.69949234,3.5994632,3.5994632,3.5994632,3.5994632
29,5.1236525,0.7422462,4.344353,4.344353,4.344353,4.344353
