,in_range_mean,in_range_locvar,out_range_30_mean,out_range_30_std,out_range_90_mean,out_range_90_std
9,3.517666,0.4724832,2.7183352,2.7183352,2.7183352,2.7183352
19,4.8286505,0.54068327,3.3705728,3.3705728,3.3705728,3.3705728
29,5.239132,0.49202412,3.412579,3.412579,3.412579,3.412579
