,in_range_mean,in_range_locvar,out_range_30_mean,out_range_30_std,out_range_90_mean,out_range_90_std
10,1.4798529,0.0789555,1.43088,1.43088,1.43088,1.43088
10,2.826463,0.33002806,2.348041,2.348041,2.348041,2.348041
10,3.6669574,0.5416944,3.3217587,3.3217587,3.3217587,3.3217587
10,4.019865,0.64584816,3.6606271,3.6606271,3.6606271,3.6606271
