,in_range_fid,in_range_mean,in_range_std,out_range_30_fid,out_range_30_mean,out_range_30_std,out_range_90_fid,out_range_90_mean,out_range_90_std
1,9.34119185375066,1.7819009937917365e+20,2.0704750389422778e+20,5.894103495249008,5.857897797111262e+19,2.9228646745596715e+19,7.291840437306522,2.0412322978694013e+19,1.2315229387163015e+19
