,in_range_fid,in_range_mean,in_range_lstd,out_range_30_fid,out_range_30_mean,out_range_30_std,out_range_90_fid,out_range_90_mean,out_range_90_std
1,13.920068398529862,3.9117867680423895e+19,3.6783318734860677e+19,14.395788494918659,5.857897797111262e+19,2.9228646745596715e+19,14.341210260435673,1.1904054004679705e+19,1.1067415618689718e+19
