,in_range_mean,in_range_locvar,out_range_30_mean,out_range_30_std,out_range_90_mean,out_range_90_std
9,3.6528902,0.5259909,2.890712,2.890712,2.890712,2.890712
19,4.8390446,0.6390083,4.000849,4.000849,4.000849,4.000849
29,5.4234657,0.716696,4.5245647,4.5245647,4.5245647,4.5245647
