,in_range_fid,in_range_mean,in_range_std,out_range_30_fid,out_range_30_mean,out_range_30_std,out_range_90_fid,out_range_90_mean,out_range_90_std
1,8.513123079062312,7.510592795506953e+18,7.805044197768412e+18,13.025361849392644,3.9546719892800366e+20,4.205115004003662e+20,11.479469089249033,5.996249999443734e+19,5.629274381423153e+19
