,in_range_mean,in_range_locvar,out_range_30_mean,out_range_30_std,out_range_90_mean,out_range_90_std
10,2.7033288,0.3889846,2.0898907,2.0898907,1.9676304,1.9676304
20,3.70292,0.62322897,2.778377,2.778377,2.4413052,2.4413052
