,in_range_mean,in_range_locvar,out_range_30_mean,out_range_30_std,out_range_90_mean,out_range_90_std
10,2.5854921,0.39661378,2.1314094,2.1314094,1.909029,1.909029
20,3.784871,0.7494337,3.3253012,3.3253012,3.2359958,3.2359958
30,4.398177,0.85043144,3.8576264,3.8576264,3.656503,3.656503
40,4.460453,0.83483326,4.0207453,4.0207453,3.6218224,3.6218224
50,4.9077477,0.79338104,4.4625964,4.4625964,3.8488152,3.8488152
60,5.4323063,0.81070954,4.6125154,4.6125154,3.6959064,3.6959064
