,in_range_mean,in_range_locvar,out_range_30_mean,out_range_30_std,out_range_90_mean,out_range_90_std
10,5.452421,0.8950632,4.0498347,4.0498347,3.3440003,3.3440003
19,6.1330595,0.76334065,4.588719,4.588719,3.7835622,3.7835622
